record_id,business_key,sales_key,batch_key,warehouse,quantity,unit,ship_date,status
SHIP-0001,SHIP-0001,SO-0001,BATCH-0001,SYN-WH-FIN,100, KG ,2026-01-06,delivered
SHIP-0002,SHIP-0002,SO-0002,BATCH-0002,SYN-WH-FIN,100,kg,2026-01-07,delivered
SHIP-0003,SHIP-0003,SO-0003,BATCH-0003,SYN-WH-FIN,100, KG ,2026-01-08,delivered
SHIP-0004,SHIP-0004,SO-0004,BATCH-0004,SYN-WH-FIN,200,kg,2026-01-09,delivered
SHIP-0005,SHIP-0005,SO-0005,BATCH-0005,SYN-WH-FIN,300, KG ,2026-01-10,delivered
SHIP-0006,SHIP-0006,SO-0006,BATCH-0006,SYN-WH-FIN,300,kg,2026-01-11,delivered
SHIP-0007,SHIP-0007,SO-0007,BATCH-0007,SYN-WH-FIN,300, KG ,2026-01-12,delivered
SHIP-0008,SHIP-0008,SO-0008,BATCH-0008,SYN-WH-FIN,100,kg,2026-01-13,delivered
SHIP-0009,SHIP-0009,SO-0009,BATCH-0009,SYN-WH-FIN,300, KG ,2026-01-14,delivered
SHIP-0010,SHIP-0010,SO-0010,BATCH-0010,SYN-WH-FIN,200,kg,2026-01-15,delivered
SHIP-0011,SHIP-0011,SO-0011,BATCH-0011,SYN-WH-FIN,100, KG ,2026-01-16,delivered
SHIP-0012,SHIP-0012,SO-0012,BATCH-0012,SYN-WH-FIN,100,kg,2026-01-17,delivered
SHIP-0013,SHIP-0013,SO-0013,BATCH-0013,SYN-WH-FIN,300, KG ,2026-01-18,delivered
SHIP-0014,SHIP-0014,SO-0014,BATCH-0014,SYN-WH-FIN,100,kg,2026-01-19,delivered
SHIP-0015,SHIP-0015,SO-0015,BATCH-0015,SYN-WH-FIN,100, KG ,2026-01-20,delivered
SHIP-0016,SHIP-0016,SO-0016,BATCH-0016,SYN-WH-FIN,200,kg,2026-01-21,delivered
SHIP-0017,SHIP-0017,SO-0017,BATCH-0017,SYN-WH-FIN,100, KG ,2026-01-22,delivered
SHIP-0018,SHIP-0018,SO-0018,BATCH-0018,SYN-WH-FIN,200,kg,2026-01-23,delivered
SHIP-0019,SHIP-0019,SO-0019,BATCH-0019,SYN-WH-FIN,200, KG ,2026-01-24,delivered
SHIP-0020,SHIP-0020,SO-0020,BATCH-0020,SYN-WH-FIN,200,kg,2026-01-25,delivered
SHIP-0021,SHIP-0021,SO-0021,BATCH-0021,SYN-WH-FIN,300, KG ,2026-01-26,delivered
SHIP-0022,SHIP-0022,SO-0022,BATCH-0022,SYN-WH-FIN,300,kg,2026-01-27,delivered
SHIP-0023,SHIP-0023,SO-0023,BATCH-0023,SYN-WH-FIN,100, KG ,2026-01-28,delivered
SHIP-0024,SHIP-0024,SO-0024,BATCH-0024,SYN-WH-FIN,200,kg,2026-01-29,delivered
SHIP-0025,SHIP-0025,SO-0025,BATCH-0025,SYN-WH-FIN,100, KG ,2026-01-30,delivered
SHIP-0026,SHIP-0026,SO-0026,BATCH-0026,SYN-WH-FIN,100,kg,2026-01-31,delivered
SHIP-0027,SHIP-0027,SO-0027,BATCH-0027,SYN-WH-FIN,300, KG ,2026-02-01,delivered
SHIP-0028,SHIP-0028,SO-0028,BATCH-0028,SYN-WH-FIN,200,kg,2026-02-02,delivered
SHIP-0029,SHIP-0029,SO-0029,BATCH-0029,SYN-WH-FIN,300, KG ,2026-02-03,delivered
SHIP-0030,SHIP-0030,SO-0030,BATCH-0030,SYN-WH-FIN,200,kg,2026-02-04,delivered
SHIP-0031,SHIP-0031,SO-0031,BATCH-0031,SYN-WH-FIN,200, KG ,2026-02-05,delivered
SHIP-0032,SHIP-0032,SO-0032,BATCH-0032,SYN-WH-FIN,100,kg,2026-02-06,delivered
SHIP-0033,SHIP-0033,SO-0033,BATCH-0033,SYN-WH-FIN,200, KG ,2026-02-07,delivered
SHIP-0034,SHIP-0034,SO-0034,BATCH-0034,SYN-WH-FIN,300,kg,2026-02-08,delivered
SHIP-0035,SHIP-0035,SO-0035,BATCH-0035,SYN-WH-FIN,200, KG ,2026-02-09,delivered
SHIP-0036,SHIP-0036,SO-0036,BATCH-0036,SYN-WH-FIN,100,kg,2026-02-10,delivered
SHIP-0037,SHIP-0037,SO-0037,BATCH-0037,SYN-WH-FIN,100, KG ,2026-02-11,delivered
SHIP-0038,SHIP-0038,SO-0038,BATCH-0038,SYN-WH-FIN,100,kg,2026-02-12,delivered
SHIP-0039,SHIP-0039,SO-0039,BATCH-0039,SYN-WH-FIN,300, KG ,2026-02-13,delivered
SHIP-0040,SHIP-0040,SO-0040,BATCH-0040,SYN-WH-FIN,300,kg,2026-02-14,delivered
SHIP-0041,SHIP-0041,SO-0041,BATCH-0041,SYN-WH-FIN,300, KG ,2026-02-15,delivered
SHIP-0042,SHIP-0042,SO-0042,BATCH-0042,SYN-WH-FIN,100,kg,2026-02-16,delivered
SHIP-0043,SHIP-0043,SO-0043,BATCH-0043,SYN-WH-FIN,100, KG ,2026-02-17,delivered
SHIP-0044,SHIP-0044,SO-0044,BATCH-0044,SYN-WH-FIN,100,kg,2026-02-18,delivered
SHIP-0045,SHIP-0045,SO-0045,BATCH-0045,SYN-WH-FIN,300, KG ,2026-02-19,delivered
SHIP-0046,SHIP-0046,SO-0046,BATCH-0046,SYN-WH-FIN,100,kg,2026-02-20,delivered
SHIP-0047,SHIP-0047,SO-0047,BATCH-0047,SYN-WH-FIN,300, KG ,2026-02-21,delivered
SHIP-0048,SHIP-0048,SO-0048,BATCH-0048,SYN-WH-FIN,300,kg,2026-02-22,delivered
SHIP-0001,SHIP-0001,SO-0001,BATCH-0001,SYN-WH-FIN,100, KG ,2026-01-06,delivered
BAD-DISPATCH-2,SHIP-0001,SO-0001,BATCH-0001,SYN-WH-FIN,100, KG ,2026-01-06,delivered
,BAD-DISPATCH-3,SO-0001,BATCH-0001,SYN-WH-FIN,100, KG ,2026-01-06,delivered
BAD-DISPATCH-4,BAD-DISPATCH-4,SO-9999,BATCH-0001,SYN-WH-FIN,100, KG ,2026-01-06,delivered
BAD-DISPATCH-5,BAD-DISPATCH-5,SO-0001,BATCH-9999,SYN-WH-FIN,100, KG ,2026-01-06,delivered
BAD-DISPATCH-6,BAD-DISPATCH-6,SO-0001,BATCH-0001,SYN-WH-FIN,100, KG ,2025-01-01,delivered
BAD-DISPATCH-7,BAD-DISPATCH-7,SO-0001,BATCH-0001,SYN-WH-FIN,0, KG ,2026-01-06,delivered
BAD-DISPATCH-8,BAD-DISPATCH-8,SO-0001,BATCH-0001,SYN-WH-FIN,100, KG ,2026-01-06,lost
