record_id,business_key,warehouse,item,quantity,unit
STOCK-0001,LOT-0001,SYN-WH-RAW,rm001,500000,grams
STOCK-0002,LOT-0002,SYN-WH-RAW,rm002,500000,grams
STOCK-0003,LOT-0003,SYN-WH-RAW,rm003,500000,grams
STOCK-0004,LOT-0004,SYN-WH-RAW,rm004,500000,grams
STOCK-0005,LOT-0005,SYN-WH-RAW,rm001,500000,grams
STOCK-0006,LOT-0006,SYN-WH-RAW,rm002,500000,grams
STOCK-0007,LOT-0007,SYN-WH-RAW,rm003,500000,grams
STOCK-0008,LOT-0008,SYN-WH-RAW,rm004,500000,grams
STOCK-0009,LOT-0009,SYN-WH-RAW,rm001,500000,grams
STOCK-0010,LOT-0010,SYN-WH-RAW,rm002,500000,grams
STOCK-0011,LOT-0011,SYN-WH-RAW,rm003,500000,grams
STOCK-0012,LOT-0012,SYN-WH-RAW,rm004,500000,grams
STOCK-0013,LOT-0013,SYN-WH-RAW,rm001,500000,grams
STOCK-0014,LOT-0014,SYN-WH-RAW,rm002,500000,grams
STOCK-0015,LOT-0015,SYN-WH-RAW,rm003,500000,grams
STOCK-0016,LOT-0016,SYN-WH-RAW,rm004,500000,grams
STOCK-0017,LOT-0017,SYN-WH-FIN,fg001,500000,grams
STOCK-0018,LOT-0018,SYN-WH-FIN,fg002,500000,grams
STOCK-0019,LOT-0019,SYN-WH-FIN,fg003,500000,grams
STOCK-0020,LOT-0020,SYN-WH-FIN,fg004,500000,grams
STOCK-0021,LOT-0021,SYN-WH-FIN,fg001,500000,grams
STOCK-0022,LOT-0022,SYN-WH-FIN,fg002,500000,grams
STOCK-0023,LOT-0023,SYN-WH-FIN,fg003,500000,grams
STOCK-0024,LOT-0024,SYN-WH-FIN,fg004,500000,grams
STOCK-0025,LOT-0025,SYN-WH-FIN,fg001,500000,grams
STOCK-0026,LOT-0026,SYN-WH-FIN,fg002,500000,grams
STOCK-0027,LOT-0027,SYN-WH-FIN,fg003,500000,grams
STOCK-0028,LOT-0028,SYN-WH-FIN,fg004,500000,grams
STOCK-0029,LOT-0029,SYN-WH-FIN,fg001,500000,grams
STOCK-0030,LOT-0030,SYN-WH-FIN,fg002,500000,grams
STOCK-0031,LOT-0031,SYN-WH-FIN,fg003,500000,grams
STOCK-0032,LOT-0032,SYN-WH-FIN,fg004,500000,grams
STOCK-0001,LOT-0001,SYN-WH-RAW,rm001,500000,grams
BAD-INVENTORY-2,LOT-0001,SYN-WH-RAW,rm001,500000,grams
,BAD-INVENTORY-3,SYN-WH-RAW,rm001,500000,grams
BAD-INVENTORY-4,BAD-INVENTORY-4,,rm001,500000,grams
BAD-INVENTORY-5,BAD-INVENTORY-5,SYN-WH-RAW,RM-999,500000,grams
BAD-INVENTORY-6,BAD-INVENTORY-6,SYN-WH-RAW,rm001,-1,grams
BAD-INVENTORY-7,BAD-INVENTORY-7,SYN-WH-RAW,rm001,500000,litres
BAD-INVENTORY-8,BAD-INVENTORY-8,SYN-WH-RAW,rm001,NaN,grams
