record_id,business_key,sales_key,product,bom,quantity,unit,start_date,end_date,status,purchase_keys,consumption_kg,supplier_lots
PROD-0001,BATCH-0001,SO-0001,SYN-FG-001,SYN-BOM-001,100, KG ,2026-01-03,2026-01-04,released,PO-0001-1|PO-0001-2|PO-0001-3|PO-0001-4,25|25|25|25,SYN-LOT-0001-1|SYN-LOT-0001-2|SYN-LOT-0001-3|SYN-LOT-0001-4
PROD-0002,BATCH-0002,SO-0002,SYN-FG-002,SYN-BOM-002,100,kg,2026-01-04,2026-01-05,released,PO-0002-1|PO-0002-2|PO-0002-3|PO-0002-4,25|25|25|25,SYN-LOT-0002-1|SYN-LOT-0002-2|SYN-LOT-0002-3|SYN-LOT-0002-4
PROD-0003,BATCH-0003,SO-0003,SYN-FG-003,SYN-BOM-003,100, KG ,2026-01-05,2026-01-06,released,PO-0003-1|PO-0003-2|PO-0003-3|PO-0003-4,25|25|25|25,SYN-LOT-0003-1|SYN-LOT-0003-2|SYN-LOT-0003-3|SYN-LOT-0003-4
PROD-0004,BATCH-0004,SO-0004,SYN-FG-004,SYN-BOM-004,200,kg,2026-01-06,2026-01-07,released,PO-0004-1|PO-0004-2|PO-0004-3|PO-0004-4,50|50|50|50,SYN-LOT-0004-1|SYN-LOT-0004-2|SYN-LOT-0004-3|SYN-LOT-0004-4
PROD-0005,BATCH-0005,SO-0005,SYN-FG-001,SYN-BOM-001,300, KG ,2026-01-07,2026-01-08,released,PO-0005-1|PO-0005-2|PO-0005-3|PO-0005-4,75|75|75|75,SYN-LOT-0005-1|SYN-LOT-0005-2|SYN-LOT-0005-3|SYN-LOT-0005-4
PROD-0006,BATCH-0006,SO-0006,SYN-FG-002,SYN-BOM-002,300,kg,2026-01-08,2026-01-09,released,PO-0006-1|PO-0006-2|PO-0006-3|PO-0006-4,75|75|75|75,SYN-LOT-0006-1|SYN-LOT-0006-2|SYN-LOT-0006-3|SYN-LOT-0006-4
PROD-0007,BATCH-0007,SO-0007,SYN-FG-003,SYN-BOM-003,300, KG ,2026-01-09,2026-01-10,released,PO-0007-1|PO-0007-2|PO-0007-3|PO-0007-4,75|75|75|75,SYN-LOT-0007-1|SYN-LOT-0007-2|SYN-LOT-0007-3|SYN-LOT-0007-4
PROD-0008,BATCH-0008,SO-0008,SYN-FG-004,SYN-BOM-004,100,kg,2026-01-10,2026-01-11,released,PO-0008-1|PO-0008-2|PO-0008-3|PO-0008-4,25|25|25|25,SYN-LOT-0008-1|SYN-LOT-0008-2|SYN-LOT-0008-3|SYN-LOT-0008-4
PROD-0009,BATCH-0009,SO-0009,SYN-FG-001,SYN-BOM-001,300, KG ,2026-01-11,2026-01-12,released,PO-0009-1|PO-0009-2|PO-0009-3|PO-0009-4,75|75|75|75,SYN-LOT-0009-1|SYN-LOT-0009-2|SYN-LOT-0009-3|SYN-LOT-0009-4
PROD-0010,BATCH-0010,SO-0010,SYN-FG-002,SYN-BOM-002,200,kg,2026-01-12,2026-01-13,released,PO-0010-1|PO-0010-2|PO-0010-3|PO-0010-4,50|50|50|50,SYN-LOT-0010-1|SYN-LOT-0010-2|SYN-LOT-0010-3|SYN-LOT-0010-4
PROD-0011,BATCH-0011,SO-0011,SYN-FG-003,SYN-BOM-003,100, KG ,2026-01-13,2026-01-14,released,PO-0011-1|PO-0011-2|PO-0011-3|PO-0011-4,25|25|25|25,SYN-LOT-0011-1|SYN-LOT-0011-2|SYN-LOT-0011-3|SYN-LOT-0011-4
PROD-0012,BATCH-0012,SO-0012,SYN-FG-004,SYN-BOM-004,100,kg,2026-01-14,2026-01-15,released,PO-0012-1|PO-0012-2|PO-0012-3|PO-0012-4,25|25|25|25,SYN-LOT-0012-1|SYN-LOT-0012-2|SYN-LOT-0012-3|SYN-LOT-0012-4
PROD-0013,BATCH-0013,SO-0013,SYN-FG-001,SYN-BOM-001,300, KG ,2026-01-15,2026-01-16,released,PO-0013-1|PO-0013-2|PO-0013-3|PO-0013-4,75|75|75|75,SYN-LOT-0013-1|SYN-LOT-0013-2|SYN-LOT-0013-3|SYN-LOT-0013-4
PROD-0014,BATCH-0014,SO-0014,SYN-FG-002,SYN-BOM-002,100,kg,2026-01-16,2026-01-17,released,PO-0014-1|PO-0014-2|PO-0014-3|PO-0014-4,25|25|25|25,SYN-LOT-0014-1|SYN-LOT-0014-2|SYN-LOT-0014-3|SYN-LOT-0014-4
PROD-0015,BATCH-0015,SO-0015,SYN-FG-003,SYN-BOM-003,100, KG ,2026-01-17,2026-01-18,released,PO-0015-1|PO-0015-2|PO-0015-3|PO-0015-4,25|25|25|25,SYN-LOT-0015-1|SYN-LOT-0015-2|SYN-LOT-0015-3|SYN-LOT-0015-4
PROD-0016,BATCH-0016,SO-0016,SYN-FG-004,SYN-BOM-004,200,kg,2026-01-18,2026-01-19,released,PO-0016-1|PO-0016-2|PO-0016-3|PO-0016-4,50|50|50|50,SYN-LOT-0016-1|SYN-LOT-0016-2|SYN-LOT-0016-3|SYN-LOT-0016-4
PROD-0017,BATCH-0017,SO-0017,SYN-FG-001,SYN-BOM-001,100, KG ,2026-01-19,2026-01-20,released,PO-0017-1|PO-0017-2|PO-0017-3|PO-0017-4,25|25|25|25,SYN-LOT-0017-1|SYN-LOT-0017-2|SYN-LOT-0017-3|SYN-LOT-0017-4
PROD-0018,BATCH-0018,SO-0018,SYN-FG-002,SYN-BOM-002,200,kg,2026-01-20,2026-01-21,released,PO-0018-1|PO-0018-2|PO-0018-3|PO-0018-4,50|50|50|50,SYN-LOT-0018-1|SYN-LOT-0018-2|SYN-LOT-0018-3|SYN-LOT-0018-4
PROD-0019,BATCH-0019,SO-0019,SYN-FG-003,SYN-BOM-003,200, KG ,2026-01-21,2026-01-22,released,PO-0019-1|PO-0019-2|PO-0019-3|PO-0019-4,50|50|50|50,SYN-LOT-0019-1|SYN-LOT-0019-2|SYN-LOT-0019-3|SYN-LOT-0019-4
PROD-0020,BATCH-0020,SO-0020,SYN-FG-004,SYN-BOM-004,200,kg,2026-01-22,2026-01-23,released,PO-0020-1|PO-0020-2|PO-0020-3|PO-0020-4,50|50|50|50,SYN-LOT-0020-1|SYN-LOT-0020-2|SYN-LOT-0020-3|SYN-LOT-0020-4
PROD-0021,BATCH-0021,SO-0021,SYN-FG-001,SYN-BOM-001,300, KG ,2026-01-23,2026-01-24,released,PO-0021-1|PO-0021-2|PO-0021-3|PO-0021-4,75|75|75|75,SYN-LOT-0021-1|SYN-LOT-0021-2|SYN-LOT-0021-3|SYN-LOT-0021-4
PROD-0022,BATCH-0022,SO-0022,SYN-FG-002,SYN-BOM-002,300,kg,2026-01-24,2026-01-25,released,PO-0022-1|PO-0022-2|PO-0022-3|PO-0022-4,75|75|75|75,SYN-LOT-0022-1|SYN-LOT-0022-2|SYN-LOT-0022-3|SYN-LOT-0022-4
PROD-0023,BATCH-0023,SO-0023,SYN-FG-003,SYN-BOM-003,100, KG ,2026-01-25,2026-01-26,released,PO-0023-1|PO-0023-2|PO-0023-3|PO-0023-4,25|25|25|25,SYN-LOT-0023-1|SYN-LOT-0023-2|SYN-LOT-0023-3|SYN-LOT-0023-4
PROD-0024,BATCH-0024,SO-0024,SYN-FG-004,SYN-BOM-004,200,kg,2026-01-26,2026-01-27,released,PO-0024-1|PO-0024-2|PO-0024-3|PO-0024-4,50|50|50|50,SYN-LOT-0024-1|SYN-LOT-0024-2|SYN-LOT-0024-3|SYN-LOT-0024-4
PROD-0025,BATCH-0025,SO-0025,SYN-FG-001,SYN-BOM-001,100, KG ,2026-01-27,2026-01-28,released,PO-0025-1|PO-0025-2|PO-0025-3|PO-0025-4,25|25|25|25,SYN-LOT-0025-1|SYN-LOT-0025-2|SYN-LOT-0025-3|SYN-LOT-0025-4
PROD-0026,BATCH-0026,SO-0026,SYN-FG-002,SYN-BOM-002,100,kg,2026-01-28,2026-01-29,released,PO-0026-1|PO-0026-2|PO-0026-3|PO-0026-4,25|25|25|25,SYN-LOT-0026-1|SYN-LOT-0026-2|SYN-LOT-0026-3|SYN-LOT-0026-4
PROD-0027,BATCH-0027,SO-0027,SYN-FG-003,SYN-BOM-003,300, KG ,2026-01-29,2026-01-30,released,PO-0027-1|PO-0027-2|PO-0027-3|PO-0027-4,75|75|75|75,SYN-LOT-0027-1|SYN-LOT-0027-2|SYN-LOT-0027-3|SYN-LOT-0027-4
PROD-0028,BATCH-0028,SO-0028,SYN-FG-004,SYN-BOM-004,200,kg,2026-01-30,2026-01-31,released,PO-0028-1|PO-0028-2|PO-0028-3|PO-0028-4,50|50|50|50,SYN-LOT-0028-1|SYN-LOT-0028-2|SYN-LOT-0028-3|SYN-LOT-0028-4
PROD-0029,BATCH-0029,SO-0029,SYN-FG-001,SYN-BOM-001,300, KG ,2026-01-31,2026-02-01,released,PO-0029-1|PO-0029-2|PO-0029-3|PO-0029-4,75|75|75|75,SYN-LOT-0029-1|SYN-LOT-0029-2|SYN-LOT-0029-3|SYN-LOT-0029-4
PROD-0030,BATCH-0030,SO-0030,SYN-FG-002,SYN-BOM-002,200,kg,2026-02-01,2026-02-02,released,PO-0030-1|PO-0030-2|PO-0030-3|PO-0030-4,50|50|50|50,SYN-LOT-0030-1|SYN-LOT-0030-2|SYN-LOT-0030-3|SYN-LOT-0030-4
PROD-0031,BATCH-0031,SO-0031,SYN-FG-003,SYN-BOM-003,200, KG ,2026-02-02,2026-02-03,released,PO-0031-1|PO-0031-2|PO-0031-3|PO-0031-4,50|50|50|50,SYN-LOT-0031-1|SYN-LOT-0031-2|SYN-LOT-0031-3|SYN-LOT-0031-4
PROD-0032,BATCH-0032,SO-0032,SYN-FG-004,SYN-BOM-004,100,kg,2026-02-03,2026-02-04,released,PO-0032-1|PO-0032-2|PO-0032-3|PO-0032-4,25|25|25|25,SYN-LOT-0032-1|SYN-LOT-0032-2|SYN-LOT-0032-3|SYN-LOT-0032-4
PROD-0033,BATCH-0033,SO-0033,SYN-FG-001,SYN-BOM-001,200, KG ,2026-02-04,2026-02-05,released,PO-0033-1|PO-0033-2|PO-0033-3|PO-0033-4,50|50|50|50,SYN-LOT-0033-1|SYN-LOT-0033-2|SYN-LOT-0033-3|SYN-LOT-0033-4
PROD-0034,BATCH-0034,SO-0034,SYN-FG-002,SYN-BOM-002,300,kg,2026-02-05,2026-02-06,released,PO-0034-1|PO-0034-2|PO-0034-3|PO-0034-4,75|75|75|75,SYN-LOT-0034-1|SYN-LOT-0034-2|SYN-LOT-0034-3|SYN-LOT-0034-4
PROD-0035,BATCH-0035,SO-0035,SYN-FG-003,SYN-BOM-003,200, KG ,2026-02-06,2026-02-07,released,PO-0035-1|PO-0035-2|PO-0035-3|PO-0035-4,50|50|50|50,SYN-LOT-0035-1|SYN-LOT-0035-2|SYN-LOT-0035-3|SYN-LOT-0035-4
PROD-0036,BATCH-0036,SO-0036,SYN-FG-004,SYN-BOM-004,100,kg,2026-02-07,2026-02-08,released,PO-0036-1|PO-0036-2|PO-0036-3|PO-0036-4,25|25|25|25,SYN-LOT-0036-1|SYN-LOT-0036-2|SYN-LOT-0036-3|SYN-LOT-0036-4
PROD-0037,BATCH-0037,SO-0037,SYN-FG-001,SYN-BOM-001,100, KG ,2026-02-08,2026-02-09,released,PO-0037-1|PO-0037-2|PO-0037-3|PO-0037-4,25|25|25|25,SYN-LOT-0037-1|SYN-LOT-0037-2|SYN-LOT-0037-3|SYN-LOT-0037-4
PROD-0038,BATCH-0038,SO-0038,SYN-FG-002,SYN-BOM-002,100,kg,2026-02-09,2026-02-10,released,PO-0038-1|PO-0038-2|PO-0038-3|PO-0038-4,25|25|25|25,SYN-LOT-0038-1|SYN-LOT-0038-2|SYN-LOT-0038-3|SYN-LOT-0038-4
PROD-0039,BATCH-0039,SO-0039,SYN-FG-003,SYN-BOM-003,300, KG ,2026-02-10,2026-02-11,released,PO-0039-1|PO-0039-2|PO-0039-3|PO-0039-4,75|75|75|75,SYN-LOT-0039-1|SYN-LOT-0039-2|SYN-LOT-0039-3|SYN-LOT-0039-4
PROD-0040,BATCH-0040,SO-0040,SYN-FG-004,SYN-BOM-004,300,kg,2026-02-11,2026-02-12,released,PO-0040-1|PO-0040-2|PO-0040-3|PO-0040-4,75|75|75|75,SYN-LOT-0040-1|SYN-LOT-0040-2|SYN-LOT-0040-3|SYN-LOT-0040-4
PROD-0041,BATCH-0041,SO-0041,SYN-FG-001,SYN-BOM-001,300, KG ,2026-02-12,2026-02-13,released,PO-0041-1|PO-0041-2|PO-0041-3|PO-0041-4,75|75|75|75,SYN-LOT-0041-1|SYN-LOT-0041-2|SYN-LOT-0041-3|SYN-LOT-0041-4
PROD-0042,BATCH-0042,SO-0042,SYN-FG-002,SYN-BOM-002,100,kg,2026-02-13,2026-02-14,released,PO-0042-1|PO-0042-2|PO-0042-3|PO-0042-4,25|25|25|25,SYN-LOT-0042-1|SYN-LOT-0042-2|SYN-LOT-0042-3|SYN-LOT-0042-4
PROD-0043,BATCH-0043,SO-0043,SYN-FG-003,SYN-BOM-003,100, KG ,2026-02-14,2026-02-15,released,PO-0043-1|PO-0043-2|PO-0043-3|PO-0043-4,25|25|25|25,SYN-LOT-0043-1|SYN-LOT-0043-2|SYN-LOT-0043-3|SYN-LOT-0043-4
PROD-0044,BATCH-0044,SO-0044,SYN-FG-004,SYN-BOM-004,100,kg,2026-02-15,2026-02-16,released,PO-0044-1|PO-0044-2|PO-0044-3|PO-0044-4,25|25|25|25,SYN-LOT-0044-1|SYN-LOT-0044-2|SYN-LOT-0044-3|SYN-LOT-0044-4
PROD-0045,BATCH-0045,SO-0045,SYN-FG-001,SYN-BOM-001,300, KG ,2026-02-16,2026-02-17,released,PO-0045-1|PO-0045-2|PO-0045-3|PO-0045-4,75|75|75|75,SYN-LOT-0045-1|SYN-LOT-0045-2|SYN-LOT-0045-3|SYN-LOT-0045-4
PROD-0046,BATCH-0046,SO-0046,SYN-FG-002,SYN-BOM-002,100,kg,2026-02-17,2026-02-18,released,PO-0046-1|PO-0046-2|PO-0046-3|PO-0046-4,25|25|25|25,SYN-LOT-0046-1|SYN-LOT-0046-2|SYN-LOT-0046-3|SYN-LOT-0046-4
PROD-0047,BATCH-0047,SO-0047,SYN-FG-003,SYN-BOM-003,300, KG ,2026-02-18,2026-02-19,released,PO-0047-1|PO-0047-2|PO-0047-3|PO-0047-4,75|75|75|75,SYN-LOT-0047-1|SYN-LOT-0047-2|SYN-LOT-0047-3|SYN-LOT-0047-4
PROD-0048,BATCH-0048,SO-0048,SYN-FG-004,SYN-BOM-004,300,kg,2026-02-19,2026-02-20,released,PO-0048-1|PO-0048-2|PO-0048-3|PO-0048-4,75|75|75|75,SYN-LOT-0048-1|SYN-LOT-0048-2|SYN-LOT-0048-3|SYN-LOT-0048-4
PROD-0001,BATCH-0001,SO-0001,SYN-FG-001,SYN-BOM-001,100, KG ,2026-01-03,2026-01-04,released,PO-0001-1|PO-0001-2|PO-0001-3|PO-0001-4,25|25|25|25,SYN-LOT-0001-1|SYN-LOT-0001-2|SYN-LOT-0001-3|SYN-LOT-0001-4
BAD-PRODUCTION-2,BATCH-0001,SO-0001,SYN-FG-001,SYN-BOM-001,100, KG ,2026-01-03,2026-01-04,released,PO-0001-1|PO-0001-2|PO-0001-3|PO-0001-4,25|25|25|25,SYN-LOT-0001-1|SYN-LOT-0001-2|SYN-LOT-0001-3|SYN-LOT-0001-4
,BAD-PRODUCTION-3,SO-0001,SYN-FG-001,SYN-BOM-001,100, KG ,2026-01-03,2026-01-04,released,PO-0001-1|PO-0001-2|PO-0001-3|PO-0001-4,25|25|25|25,SYN-LOT-0001-1|SYN-LOT-0001-2|SYN-LOT-0001-3|SYN-LOT-0001-4
BAD-PRODUCTION-4,BAD-PRODUCTION-4,SO-9999,SYN-FG-001,SYN-BOM-001,100, KG ,2026-01-03,2026-01-04,released,PO-0001-1|PO-0001-2|PO-0001-3|PO-0001-4,25|25|25|25,SYN-LOT-0001-1|SYN-LOT-0001-2|SYN-LOT-0001-3|SYN-LOT-0001-4
BAD-PRODUCTION-5,BAD-PRODUCTION-5,SO-0001,SYN-FG-001,BOM-999,100, KG ,2026-01-03,2026-01-04,released,PO-0001-1|PO-0001-2|PO-0001-3|PO-0001-4,25|25|25|25,SYN-LOT-0001-1|SYN-LOT-0001-2|SYN-LOT-0001-3|SYN-LOT-0001-4
BAD-PRODUCTION-6,BAD-PRODUCTION-6,SO-0001,SYN-FG-001,SYN-BOM-001,0, KG ,2026-01-03,2026-01-04,released,PO-0001-1|PO-0001-2|PO-0001-3|PO-0001-4,25|25|25|25,SYN-LOT-0001-1|SYN-LOT-0001-2|SYN-LOT-0001-3|SYN-LOT-0001-4
BAD-PRODUCTION-7,BAD-PRODUCTION-7,SO-0001,SYN-FG-001,SYN-BOM-001,100, KG ,2026-01-03,2025-01-01,released,PO-0001-1|PO-0001-2|PO-0001-3|PO-0001-4,25|25|25|25,SYN-LOT-0001-1|SYN-LOT-0001-2|SYN-LOT-0001-3|SYN-LOT-0001-4
BAD-PRODUCTION-8,BAD-PRODUCTION-8,SO-0001,SYN-FG-001,SYN-BOM-001,100, KG ,2026-01-03,2026-01-04,lost,PO-0001-1|PO-0001-2|PO-0001-3|PO-0001-4,25|25|25|25,SYN-LOT-0001-1|SYN-LOT-0001-2|SYN-LOT-0001-3|SYN-LOT-0001-4
