record_id,dataset_code,product_code,period_start,quantity,unit_of_measure
SYN-DEMAND-24M-V1:1:2024-10-01:1,SYN-DEMAND-24M-V1,SYN-FG-001,2024-10-01,343.200000,kg
SYN-DEMAND-24M-V1:1:2024-10-01:2,SYN-DEMAND-24M-V1,SYN-FG-001,2024-10-01,228.800000,kg
SYN-DEMAND-24M-V1:1:2024-11-01:1,SYN-DEMAND-24M-V1,SYN-FG-001,2024-11-01,332.400000,kg
SYN-DEMAND-24M-V1:1:2024-11-01:2,SYN-DEMAND-24M-V1,SYN-FG-001,2024-11-01,221.600000,kg
SYN-DEMAND-24M-V1:1:2024-12-01:1,SYN-DEMAND-24M-V1,SYN-FG-001,2024-12-01,347.400000,kg
SYN-DEMAND-24M-V1:1:2024-12-01:2,SYN-DEMAND-24M-V1,SYN-FG-001,2024-12-01,231.600000,kg
SYN-DEMAND-24M-V1:1:2025-01-01:1,SYN-DEMAND-24M-V1,SYN-FG-001,2025-01-01,362.400000,kg
SYN-DEMAND-24M-V1:1:2025-01-01:2,SYN-DEMAND-24M-V1,SYN-FG-001,2025-01-01,241.600000,kg
SYN-DEMAND-24M-V1:1:2025-02-01:1,SYN-DEMAND-24M-V1,SYN-FG-001,2025-02-01,364.200000,kg
SYN-DEMAND-24M-V1:1:2025-02-01:2,SYN-DEMAND-24M-V1,SYN-FG-001,2025-02-01,242.800000,kg
SYN-DEMAND-24M-V1:1:2025-03-01:1,SYN-DEMAND-24M-V1,SYN-FG-001,2025-03-01,399.600000,kg
SYN-DEMAND-24M-V1:1:2025-03-01:2,SYN-DEMAND-24M-V1,SYN-FG-001,2025-03-01,266.400000,kg
SYN-DEMAND-24M-V1:1:2025-04-01:1,SYN-DEMAND-24M-V1,SYN-FG-001,2025-04-01,388.200000,kg
SYN-DEMAND-24M-V1:1:2025-04-01:2,SYN-DEMAND-24M-V1,SYN-FG-001,2025-04-01,258.800000,kg
SYN-DEMAND-24M-V1:1:2025-05-01:1,SYN-DEMAND-24M-V1,SYN-FG-001,2025-05-01,397.200000,kg
SYN-DEMAND-24M-V1:1:2025-05-01:2,SYN-DEMAND-24M-V1,SYN-FG-001,2025-05-01,264.800000,kg
SYN-DEMAND-24M-V1:1:2025-06-01:1,SYN-DEMAND-24M-V1,SYN-FG-001,2025-06-01,437.400000,kg
SYN-DEMAND-24M-V1:1:2025-06-01:2,SYN-DEMAND-24M-V1,SYN-FG-001,2025-06-01,291.600000,kg
SYN-DEMAND-24M-V1:1:2025-07-01:1,SYN-DEMAND-24M-V1,SYN-FG-001,2025-07-01,408.000000,kg
SYN-DEMAND-24M-V1:1:2025-07-01:2,SYN-DEMAND-24M-V1,SYN-FG-001,2025-07-01,272.000000,kg
SYN-DEMAND-24M-V1:1:2025-08-01:1,SYN-DEMAND-24M-V1,SYN-FG-001,2025-08-01,426.000000,kg
SYN-DEMAND-24M-V1:1:2025-08-01:2,SYN-DEMAND-24M-V1,SYN-FG-001,2025-08-01,284.000000,kg
SYN-DEMAND-24M-V1:1:2025-09-01:1,SYN-DEMAND-24M-V1,SYN-FG-001,2025-09-01,434.400000,kg
SYN-DEMAND-24M-V1:1:2025-09-01:2,SYN-DEMAND-24M-V1,SYN-FG-001,2025-09-01,289.600000,kg
SYN-DEMAND-24M-V1:1:2025-10-01:1,SYN-DEMAND-24M-V1,SYN-FG-001,2025-10-01,415.200000,kg
SYN-DEMAND-24M-V1:1:2025-10-01:2,SYN-DEMAND-24M-V1,SYN-FG-001,2025-10-01,276.800000,kg
SYN-DEMAND-24M-V1:1:2025-11-01:1,SYN-DEMAND-24M-V1,SYN-FG-001,2025-11-01,402.000000,kg
SYN-DEMAND-24M-V1:1:2025-11-01:2,SYN-DEMAND-24M-V1,SYN-FG-001,2025-11-01,268.000000,kg
SYN-DEMAND-24M-V1:1:2025-12-01:1,SYN-DEMAND-24M-V1,SYN-FG-001,2025-12-01,398.400000,kg
SYN-DEMAND-24M-V1:1:2025-12-01:2,SYN-DEMAND-24M-V1,SYN-FG-001,2025-12-01,265.600000,kg
SYN-DEMAND-24M-V1:1:2026-01-01:1,SYN-DEMAND-24M-V1,SYN-FG-001,2026-01-01,397.200000,kg
SYN-DEMAND-24M-V1:1:2026-01-01:2,SYN-DEMAND-24M-V1,SYN-FG-001,2026-01-01,264.800000,kg
SYN-DEMAND-24M-V1:1:2026-02-01:1,SYN-DEMAND-24M-V1,SYN-FG-001,2026-02-01,491.400000,kg
SYN-DEMAND-24M-V1:1:2026-02-01:2,SYN-DEMAND-24M-V1,SYN-FG-001,2026-02-01,327.600000,kg
SYN-DEMAND-24M-V1:1:2026-03-01:1,SYN-DEMAND-24M-V1,SYN-FG-001,2026-03-01,430.800000,kg
SYN-DEMAND-24M-V1:1:2026-03-01:2,SYN-DEMAND-24M-V1,SYN-FG-001,2026-03-01,287.200000,kg
SYN-DEMAND-24M-V1:1:2026-04-01:1,SYN-DEMAND-24M-V1,SYN-FG-001,2026-04-01,451.800000,kg
SYN-DEMAND-24M-V1:1:2026-04-01:2,SYN-DEMAND-24M-V1,SYN-FG-001,2026-04-01,301.200000,kg
SYN-DEMAND-24M-V1:1:2026-05-01:1,SYN-DEMAND-24M-V1,SYN-FG-001,2026-05-01,475.200000,kg
SYN-DEMAND-24M-V1:1:2026-05-01:2,SYN-DEMAND-24M-V1,SYN-FG-001,2026-05-01,316.800000,kg
SYN-DEMAND-24M-V1:1:2026-06-01:1,SYN-DEMAND-24M-V1,SYN-FG-001,2026-06-01,478.800000,kg
SYN-DEMAND-24M-V1:1:2026-06-01:2,SYN-DEMAND-24M-V1,SYN-FG-001,2026-06-01,319.200000,kg
SYN-DEMAND-24M-V1:1:2026-07-01:1,SYN-DEMAND-24M-V1,SYN-FG-001,2026-07-01,469.200000,kg
SYN-DEMAND-24M-V1:1:2026-07-01:2,SYN-DEMAND-24M-V1,SYN-FG-001,2026-07-01,312.800000,kg
SYN-DEMAND-24M-V1:1:2026-08-01:1,SYN-DEMAND-24M-V1,SYN-FG-001,2026-08-01,465.000000,kg
SYN-DEMAND-24M-V1:1:2026-08-01:2,SYN-DEMAND-24M-V1,SYN-FG-001,2026-08-01,310.000000,kg
SYN-DEMAND-24M-V1:1:2026-09-01:1,SYN-DEMAND-24M-V1,SYN-FG-001,2026-09-01,465.000000,kg
SYN-DEMAND-24M-V1:1:2026-09-01:2,SYN-DEMAND-24M-V1,SYN-FG-001,2026-09-01,310.000000,kg
SYN-DEMAND-24M-V1:2:2024-10-01:1,SYN-DEMAND-24M-V1,SYN-FG-002,2024-10-01,485.400000,kg
SYN-DEMAND-24M-V1:2:2024-10-01:2,SYN-DEMAND-24M-V1,SYN-FG-002,2024-10-01,323.600000,kg
SYN-DEMAND-24M-V1:2:2024-11-01:1,SYN-DEMAND-24M-V1,SYN-FG-002,2024-11-01,486.600000,kg
SYN-DEMAND-24M-V1:2:2024-11-01:2,SYN-DEMAND-24M-V1,SYN-FG-002,2024-11-01,324.400000,kg
SYN-DEMAND-24M-V1:2:2024-12-01:1,SYN-DEMAND-24M-V1,SYN-FG-002,2024-12-01,500.400000,kg
SYN-DEMAND-24M-V1:2:2024-12-01:2,SYN-DEMAND-24M-V1,SYN-FG-002,2024-12-01,333.600000,kg
SYN-DEMAND-24M-V1:2:2025-01-01:1,SYN-DEMAND-24M-V1,SYN-FG-002,2025-01-01,505.800000,kg
SYN-DEMAND-24M-V1:2:2025-01-01:2,SYN-DEMAND-24M-V1,SYN-FG-002,2025-01-01,337.200000,kg
SYN-DEMAND-24M-V1:2:2025-02-01:1,SYN-DEMAND-24M-V1,SYN-FG-002,2025-02-01,498.000000,kg
SYN-DEMAND-24M-V1:2:2025-02-01:2,SYN-DEMAND-24M-V1,SYN-FG-002,2025-02-01,332.000000,kg
SYN-DEMAND-24M-V1:2:2025-03-01:1,SYN-DEMAND-24M-V1,SYN-FG-002,2025-03-01,523.200000,kg
SYN-DEMAND-24M-V1:2:2025-03-01:2,SYN-DEMAND-24M-V1,SYN-FG-002,2025-03-01,348.800000,kg
SYN-DEMAND-24M-V1:2:2025-04-01:1,SYN-DEMAND-24M-V1,SYN-FG-002,2025-04-01,510.000000,kg
SYN-DEMAND-24M-V1:2:2025-04-01:2,SYN-DEMAND-24M-V1,SYN-FG-002,2025-04-01,340.000000,kg
SYN-DEMAND-24M-V1:2:2025-05-01:1,SYN-DEMAND-24M-V1,SYN-FG-002,2025-05-01,642.000000,kg
SYN-DEMAND-24M-V1:2:2025-05-01:2,SYN-DEMAND-24M-V1,SYN-FG-002,2025-05-01,428.000000,kg
SYN-DEMAND-24M-V1:2:2025-06-01:1,SYN-DEMAND-24M-V1,SYN-FG-002,2025-06-01,548.400000,kg
SYN-DEMAND-24M-V1:2:2025-06-01:2,SYN-DEMAND-24M-V1,SYN-FG-002,2025-06-01,365.600000,kg
SYN-DEMAND-24M-V1:2:2025-07-01:1,SYN-DEMAND-24M-V1,SYN-FG-002,2025-07-01,549.600000,kg
SYN-DEMAND-24M-V1:2:2025-07-01:2,SYN-DEMAND-24M-V1,SYN-FG-002,2025-07-01,366.400000,kg
SYN-DEMAND-24M-V1:2:2025-08-01:1,SYN-DEMAND-24M-V1,SYN-FG-002,2025-08-01,544.200000,kg
SYN-DEMAND-24M-V1:2:2025-08-01:2,SYN-DEMAND-24M-V1,SYN-FG-002,2025-08-01,362.800000,kg
SYN-DEMAND-24M-V1:2:2025-09-01:1,SYN-DEMAND-24M-V1,SYN-FG-002,2025-09-01,525.000000,kg
SYN-DEMAND-24M-V1:2:2025-09-01:2,SYN-DEMAND-24M-V1,SYN-FG-002,2025-09-01,350.000000,kg
SYN-DEMAND-24M-V1:2:2025-10-01:1,SYN-DEMAND-24M-V1,SYN-FG-002,2025-10-01,522.600000,kg
SYN-DEMAND-24M-V1:2:2025-10-01:2,SYN-DEMAND-24M-V1,SYN-FG-002,2025-10-01,348.400000,kg
SYN-DEMAND-24M-V1:2:2025-11-01:1,SYN-DEMAND-24M-V1,SYN-FG-002,2025-11-01,543.000000,kg
SYN-DEMAND-24M-V1:2:2025-11-01:2,SYN-DEMAND-24M-V1,SYN-FG-002,2025-11-01,362.000000,kg
SYN-DEMAND-24M-V1:2:2025-12-01:1,SYN-DEMAND-24M-V1,SYN-FG-002,2025-12-01,514.800000,kg
SYN-DEMAND-24M-V1:2:2025-12-01:2,SYN-DEMAND-24M-V1,SYN-FG-002,2025-12-01,343.200000,kg
SYN-DEMAND-24M-V1:2:2026-01-01:1,SYN-DEMAND-24M-V1,SYN-FG-002,2026-01-01,496.200000,kg
SYN-DEMAND-24M-V1:2:2026-01-01:2,SYN-DEMAND-24M-V1,SYN-FG-002,2026-01-01,330.800000,kg
SYN-DEMAND-24M-V1:2:2026-02-01:1,SYN-DEMAND-24M-V1,SYN-FG-002,2026-02-01,504.000000,kg
SYN-DEMAND-24M-V1:2:2026-02-01:2,SYN-DEMAND-24M-V1,SYN-FG-002,2026-02-01,336.000000,kg
SYN-DEMAND-24M-V1:2:2026-03-01:1,SYN-DEMAND-24M-V1,SYN-FG-002,2026-03-01,563.400000,kg
SYN-DEMAND-24M-V1:2:2026-03-01:2,SYN-DEMAND-24M-V1,SYN-FG-002,2026-03-01,375.600000,kg
SYN-DEMAND-24M-V1:2:2026-04-01:1,SYN-DEMAND-24M-V1,SYN-FG-002,2026-04-01,660.600000,kg
SYN-DEMAND-24M-V1:2:2026-04-01:2,SYN-DEMAND-24M-V1,SYN-FG-002,2026-04-01,440.400000,kg
SYN-DEMAND-24M-V1:2:2026-05-01:1,SYN-DEMAND-24M-V1,SYN-FG-002,2026-05-01,583.200000,kg
SYN-DEMAND-24M-V1:2:2026-05-01:2,SYN-DEMAND-24M-V1,SYN-FG-002,2026-05-01,388.800000,kg
SYN-DEMAND-24M-V1:2:2026-06-01:1,SYN-DEMAND-24M-V1,SYN-FG-002,2026-06-01,562.800000,kg
SYN-DEMAND-24M-V1:2:2026-06-01:2,SYN-DEMAND-24M-V1,SYN-FG-002,2026-06-01,375.200000,kg
SYN-DEMAND-24M-V1:2:2026-07-01:1,SYN-DEMAND-24M-V1,SYN-FG-002,2026-07-01,551.400000,kg
SYN-DEMAND-24M-V1:2:2026-07-01:2,SYN-DEMAND-24M-V1,SYN-FG-002,2026-07-01,367.600000,kg
SYN-DEMAND-24M-V1:2:2026-08-01:1,SYN-DEMAND-24M-V1,SYN-FG-002,2026-08-01,559.800000,kg
SYN-DEMAND-24M-V1:2:2026-08-01:2,SYN-DEMAND-24M-V1,SYN-FG-002,2026-08-01,373.200000,kg
SYN-DEMAND-24M-V1:2:2026-09-01:1,SYN-DEMAND-24M-V1,SYN-FG-002,2026-09-01,568.800000,kg
SYN-DEMAND-24M-V1:2:2026-09-01:2,SYN-DEMAND-24M-V1,SYN-FG-002,2026-09-01,379.200000,kg
SYN-DEMAND-24M-V1:3:2024-10-01:1,SYN-DEMAND-24M-V1,SYN-FG-003,2024-10-01,286.200000,kg
SYN-DEMAND-24M-V1:3:2024-10-01:2,SYN-DEMAND-24M-V1,SYN-FG-003,2024-10-01,190.800000,kg
SYN-DEMAND-24M-V1:3:2024-11-01:1,SYN-DEMAND-24M-V1,SYN-FG-003,2024-11-01,267.000000,kg
SYN-DEMAND-24M-V1:3:2024-11-01:2,SYN-DEMAND-24M-V1,SYN-FG-003,2024-11-01,178.000000,kg
SYN-DEMAND-24M-V1:3:2024-12-01:1,SYN-DEMAND-24M-V1,SYN-FG-003,2024-12-01,234.000000,kg
SYN-DEMAND-24M-V1:3:2024-12-01:2,SYN-DEMAND-24M-V1,SYN-FG-003,2024-12-01,156.000000,kg
SYN-DEMAND-24M-V1:3:2025-01-01:1,SYN-DEMAND-24M-V1,SYN-FG-003,2025-01-01,244.200000,kg
SYN-DEMAND-24M-V1:3:2025-01-01:2,SYN-DEMAND-24M-V1,SYN-FG-003,2025-01-01,162.800000,kg
SYN-DEMAND-24M-V1:3:2025-02-01:1,SYN-DEMAND-24M-V1,SYN-FG-003,2025-02-01,243.600000,kg
SYN-DEMAND-24M-V1:3:2025-02-01:2,SYN-DEMAND-24M-V1,SYN-FG-003,2025-02-01,162.400000,kg
SYN-DEMAND-24M-V1:3:2025-03-01:1,SYN-DEMAND-24M-V1,SYN-FG-003,2025-03-01,273.000000,kg
SYN-DEMAND-24M-V1:3:2025-03-01:2,SYN-DEMAND-24M-V1,SYN-FG-003,2025-03-01,182.000000,kg
SYN-DEMAND-24M-V1:3:2025-04-01:1,SYN-DEMAND-24M-V1,SYN-FG-003,2025-04-01,277.200000,kg
SYN-DEMAND-24M-V1:3:2025-04-01:2,SYN-DEMAND-24M-V1,SYN-FG-003,2025-04-01,184.800000,kg
SYN-DEMAND-24M-V1:3:2025-05-01:1,SYN-DEMAND-24M-V1,SYN-FG-003,2025-05-01,297.600000,kg
SYN-DEMAND-24M-V1:3:2025-05-01:2,SYN-DEMAND-24M-V1,SYN-FG-003,2025-05-01,198.400000,kg
SYN-DEMAND-24M-V1:3:2025-06-01:1,SYN-DEMAND-24M-V1,SYN-FG-003,2025-06-01,315.000000,kg
SYN-DEMAND-24M-V1:3:2025-06-01:2,SYN-DEMAND-24M-V1,SYN-FG-003,2025-06-01,210.000000,kg
SYN-DEMAND-24M-V1:3:2025-07-01:1,SYN-DEMAND-24M-V1,SYN-FG-003,2025-07-01,292.200000,kg
SYN-DEMAND-24M-V1:3:2025-07-01:2,SYN-DEMAND-24M-V1,SYN-FG-003,2025-07-01,194.800000,kg
SYN-DEMAND-24M-V1:3:2025-08-01:1,SYN-DEMAND-24M-V1,SYN-FG-003,2025-08-01,259.800000,kg
SYN-DEMAND-24M-V1:3:2025-08-01:2,SYN-DEMAND-24M-V1,SYN-FG-003,2025-08-01,173.200000,kg
SYN-DEMAND-24M-V1:3:2025-09-01:1,SYN-DEMAND-24M-V1,SYN-FG-003,2025-09-01,261.600000,kg
SYN-DEMAND-24M-V1:3:2025-09-01:2,SYN-DEMAND-24M-V1,SYN-FG-003,2025-09-01,174.400000,kg
SYN-DEMAND-24M-V1:3:2025-10-01:1,SYN-DEMAND-24M-V1,SYN-FG-003,2025-10-01,244.200000,kg
SYN-DEMAND-24M-V1:3:2025-10-01:2,SYN-DEMAND-24M-V1,SYN-FG-003,2025-10-01,162.800000,kg
SYN-DEMAND-24M-V1:3:2025-11-01:1,SYN-DEMAND-24M-V1,SYN-FG-003,2025-11-01,280.800000,kg
SYN-DEMAND-24M-V1:3:2025-11-01:2,SYN-DEMAND-24M-V1,SYN-FG-003,2025-11-01,187.200000,kg
SYN-DEMAND-24M-V1:3:2025-12-01:1,SYN-DEMAND-24M-V1,SYN-FG-003,2025-12-01,270.000000,kg
SYN-DEMAND-24M-V1:3:2025-12-01:2,SYN-DEMAND-24M-V1,SYN-FG-003,2025-12-01,180.000000,kg
SYN-DEMAND-24M-V1:3:2026-01-01:1,SYN-DEMAND-24M-V1,SYN-FG-003,2026-01-01,272.400000,kg
SYN-DEMAND-24M-V1:3:2026-01-01:2,SYN-DEMAND-24M-V1,SYN-FG-003,2026-01-01,181.600000,kg
SYN-DEMAND-24M-V1:3:2026-02-01:1,SYN-DEMAND-24M-V1,SYN-FG-003,2026-02-01,258.000000,kg
SYN-DEMAND-24M-V1:3:2026-02-01:2,SYN-DEMAND-24M-V1,SYN-FG-003,2026-02-01,172.000000,kg
SYN-DEMAND-24M-V1:3:2026-03-01:1,SYN-DEMAND-24M-V1,SYN-FG-003,2026-03-01,286.200000,kg
SYN-DEMAND-24M-V1:3:2026-03-01:2,SYN-DEMAND-24M-V1,SYN-FG-003,2026-03-01,190.800000,kg
SYN-DEMAND-24M-V1:3:2026-04-01:1,SYN-DEMAND-24M-V1,SYN-FG-003,2026-04-01,278.400000,kg
SYN-DEMAND-24M-V1:3:2026-04-01:2,SYN-DEMAND-24M-V1,SYN-FG-003,2026-04-01,185.600000,kg
SYN-DEMAND-24M-V1:3:2026-05-01:1,SYN-DEMAND-24M-V1,SYN-FG-003,2026-05-01,302.400000,kg
SYN-DEMAND-24M-V1:3:2026-05-01:2,SYN-DEMAND-24M-V1,SYN-FG-003,2026-05-01,201.600000,kg
SYN-DEMAND-24M-V1:3:2026-06-01:1,SYN-DEMAND-24M-V1,SYN-FG-003,2026-06-01,298.200000,kg
SYN-DEMAND-24M-V1:3:2026-06-01:2,SYN-DEMAND-24M-V1,SYN-FG-003,2026-06-01,198.800000,kg
SYN-DEMAND-24M-V1:3:2026-07-01:1,SYN-DEMAND-24M-V1,SYN-FG-003,2026-07-01,307.200000,kg
SYN-DEMAND-24M-V1:3:2026-07-01:2,SYN-DEMAND-24M-V1,SYN-FG-003,2026-07-01,204.800000,kg
SYN-DEMAND-24M-V1:3:2026-08-01:1,SYN-DEMAND-24M-V1,SYN-FG-003,2026-08-01,288.600000,kg
SYN-DEMAND-24M-V1:3:2026-08-01:2,SYN-DEMAND-24M-V1,SYN-FG-003,2026-08-01,192.400000,kg
SYN-DEMAND-24M-V1:3:2026-09-01:1,SYN-DEMAND-24M-V1,SYN-FG-003,2026-09-01,279.600000,kg
SYN-DEMAND-24M-V1:3:2026-09-01:2,SYN-DEMAND-24M-V1,SYN-FG-003,2026-09-01,186.400000,kg
SYN-DEMAND-24M-V1:4:2024-10-01:1,SYN-DEMAND-24M-V1,SYN-FG-004,2024-10-01,426.000000,kg
SYN-DEMAND-24M-V1:4:2024-10-01:2,SYN-DEMAND-24M-V1,SYN-FG-004,2024-10-01,284.000000,kg
SYN-DEMAND-24M-V1:4:2024-11-01:1,SYN-DEMAND-24M-V1,SYN-FG-004,2024-11-01,423.000000,kg
SYN-DEMAND-24M-V1:4:2024-11-01:2,SYN-DEMAND-24M-V1,SYN-FG-004,2024-11-01,282.000000,kg
SYN-DEMAND-24M-V1:4:2024-12-01:1,SYN-DEMAND-24M-V1,SYN-FG-004,2024-12-01,410.400000,kg
SYN-DEMAND-24M-V1:4:2024-12-01:2,SYN-DEMAND-24M-V1,SYN-FG-004,2024-12-01,273.600000,kg
SYN-DEMAND-24M-V1:4:2025-01-01:1,SYN-DEMAND-24M-V1,SYN-FG-004,2025-01-01,393.000000,kg
SYN-DEMAND-24M-V1:4:2025-01-01:2,SYN-DEMAND-24M-V1,SYN-FG-004,2025-01-01,262.000000,kg
SYN-DEMAND-24M-V1:4:2025-02-01:1,SYN-DEMAND-24M-V1,SYN-FG-004,2025-02-01,404.400000,kg
SYN-DEMAND-24M-V1:4:2025-02-01:2,SYN-DEMAND-24M-V1,SYN-FG-004,2025-02-01,269.600000,kg
SYN-DEMAND-24M-V1:4:2025-03-01:1,SYN-DEMAND-24M-V1,SYN-FG-004,2025-03-01,399.600000,kg
SYN-DEMAND-24M-V1:4:2025-03-01:2,SYN-DEMAND-24M-V1,SYN-FG-004,2025-03-01,266.400000,kg
SYN-DEMAND-24M-V1:4:2025-04-01:1,SYN-DEMAND-24M-V1,SYN-FG-004,2025-04-01,433.800000,kg
SYN-DEMAND-24M-V1:4:2025-04-01:2,SYN-DEMAND-24M-V1,SYN-FG-004,2025-04-01,289.200000,kg
SYN-DEMAND-24M-V1:4:2025-05-01:1,SYN-DEMAND-24M-V1,SYN-FG-004,2025-05-01,421.200000,kg
SYN-DEMAND-24M-V1:4:2025-05-01:2,SYN-DEMAND-24M-V1,SYN-FG-004,2025-05-01,280.800000,kg
SYN-DEMAND-24M-V1:4:2025-06-01:1,SYN-DEMAND-24M-V1,SYN-FG-004,2025-06-01,436.200000,kg
SYN-DEMAND-24M-V1:4:2025-06-01:2,SYN-DEMAND-24M-V1,SYN-FG-004,2025-06-01,290.800000,kg
SYN-DEMAND-24M-V1:4:2025-07-01:1,SYN-DEMAND-24M-V1,SYN-FG-004,2025-07-01,396.000000,kg
SYN-DEMAND-24M-V1:4:2025-07-01:2,SYN-DEMAND-24M-V1,SYN-FG-004,2025-07-01,264.000000,kg
SYN-DEMAND-24M-V1:4:2025-08-01:1,SYN-DEMAND-24M-V1,SYN-FG-004,2025-08-01,423.000000,kg
SYN-DEMAND-24M-V1:4:2025-08-01:2,SYN-DEMAND-24M-V1,SYN-FG-004,2025-08-01,282.000000,kg
SYN-DEMAND-24M-V1:4:2025-09-01:1,SYN-DEMAND-24M-V1,SYN-FG-004,2025-09-01,373.800000,kg
SYN-DEMAND-24M-V1:4:2025-09-01:2,SYN-DEMAND-24M-V1,SYN-FG-004,2025-09-01,249.200000,kg
SYN-DEMAND-24M-V1:4:2025-10-01:1,SYN-DEMAND-24M-V1,SYN-FG-004,2025-10-01,394.200000,kg
SYN-DEMAND-24M-V1:4:2025-10-01:2,SYN-DEMAND-24M-V1,SYN-FG-004,2025-10-01,262.800000,kg
SYN-DEMAND-24M-V1:4:2025-11-01:1,SYN-DEMAND-24M-V1,SYN-FG-004,2025-11-01,391.800000,kg
SYN-DEMAND-24M-V1:4:2025-11-01:2,SYN-DEMAND-24M-V1,SYN-FG-004,2025-11-01,261.200000,kg
SYN-DEMAND-24M-V1:4:2025-12-01:1,SYN-DEMAND-24M-V1,SYN-FG-004,2025-12-01,363.600000,kg
SYN-DEMAND-24M-V1:4:2025-12-01:2,SYN-DEMAND-24M-V1,SYN-FG-004,2025-12-01,242.400000,kg
SYN-DEMAND-24M-V1:4:2026-01-01:1,SYN-DEMAND-24M-V1,SYN-FG-004,2026-01-01,377.400000,kg
SYN-DEMAND-24M-V1:4:2026-01-01:2,SYN-DEMAND-24M-V1,SYN-FG-004,2026-01-01,251.600000,kg
SYN-DEMAND-24M-V1:4:2026-02-01:1,SYN-DEMAND-24M-V1,SYN-FG-004,2026-02-01,368.400000,kg
SYN-DEMAND-24M-V1:4:2026-02-01:2,SYN-DEMAND-24M-V1,SYN-FG-004,2026-02-01,245.600000,kg
SYN-DEMAND-24M-V1:4:2026-03-01:1,SYN-DEMAND-24M-V1,SYN-FG-004,2026-03-01,397.200000,kg
SYN-DEMAND-24M-V1:4:2026-03-01:2,SYN-DEMAND-24M-V1,SYN-FG-004,2026-03-01,264.800000,kg
SYN-DEMAND-24M-V1:4:2026-04-01:1,SYN-DEMAND-24M-V1,SYN-FG-004,2026-04-01,362.400000,kg
SYN-DEMAND-24M-V1:4:2026-04-01:2,SYN-DEMAND-24M-V1,SYN-FG-004,2026-04-01,241.600000,kg
SYN-DEMAND-24M-V1:4:2026-05-01:1,SYN-DEMAND-24M-V1,SYN-FG-004,2026-05-01,380.400000,kg
SYN-DEMAND-24M-V1:4:2026-05-01:2,SYN-DEMAND-24M-V1,SYN-FG-004,2026-05-01,253.600000,kg
SYN-DEMAND-24M-V1:4:2026-06-01:1,SYN-DEMAND-24M-V1,SYN-FG-004,2026-06-01,385.800000,kg
SYN-DEMAND-24M-V1:4:2026-06-01:2,SYN-DEMAND-24M-V1,SYN-FG-004,2026-06-01,257.200000,kg
SYN-DEMAND-24M-V1:4:2026-07-01:1,SYN-DEMAND-24M-V1,SYN-FG-004,2026-07-01,407.400000,kg
SYN-DEMAND-24M-V1:4:2026-07-01:2,SYN-DEMAND-24M-V1,SYN-FG-004,2026-07-01,271.600000,kg
SYN-DEMAND-24M-V1:4:2026-08-01:1,SYN-DEMAND-24M-V1,SYN-FG-004,2026-08-01,402.600000,kg
SYN-DEMAND-24M-V1:4:2026-08-01:2,SYN-DEMAND-24M-V1,SYN-FG-004,2026-08-01,268.400000,kg
SYN-DEMAND-24M-V1:4:2026-09-01:1,SYN-DEMAND-24M-V1,SYN-FG-004,2026-09-01,366.600000,kg
SYN-DEMAND-24M-V1:4:2026-09-01:2,SYN-DEMAND-24M-V1,SYN-FG-004,2026-09-01,244.400000,kg
